Zone_id,Average_Calorie
1.0,8621.20418204182
2.0,8283.57100938967
3.0,8685.264547090583
4.0,8652.283759666865
5.0,8609.801703163017
6.0,8604.127492447129
7.0,8422.041715628673
8.0,8612.804819277108
9.0,8615.954682779457
10.0,8448.103074141049
11.0,8487.104615384615
12.0,8589.437648456056
13.0,8693.198585739541
14.0,8553.857666463042
15.0,8423.157186544342
16.0,8411.475763016158
17.0,8561.934099153566
18.0,8492.525179856115
19.0,8584.375971309026
20.0,8479.58752997602
