Zone_id,Average_Calorie
1.0,8532.19380733945
2.0,8643.55446685879
3.0,8550.870731707317
4.0,8594.398069963812
5.0,8424.668935643564
6.0,8560.021556886228
7.0,8458.320497630331
8.0,8639.227573750753
9.0,8449.958736299162
10.0,8483.485697606538
11.0,8392.81889290012
12.0,8564.261732851986
13.0,8572.837276399308
14.0,8496.059459459459
15.0,8493.244033412888
16.0,8350.4357771261
17.0,8621.73988764045
18.0,8643.5586797066
19.0,8392.319174757282
20.0,8566.7921686747
