Zone_id,Average_Calorie
1.0,8695.331306990882
2.0,8395.805988771055
3.0,8473.429701765064
4.0,8677.489770613764
5.0,8499.592371871275
6.0,8491.953789279112
7.0,8418.96797153025
8.0,8684.81111111111
9.0,8484.659156556903
10.0,8470.760025062656
11.0,8582.662454873645
12.0,8559.166056166056
13.0,8577.708111308466
14.0,8514.392579293835
15.0,8608.105485232067
16.0,8487.954491017965
17.0,8610.981732469063
18.0,8730.883762732175
19.0,8657.64448441247
20.0,8557.061273051755
